{
  "batchcomplete": true,
  "query": {
    "pages": [
      {
        "pageid": 58587,
        "ns": 0,
        "title": "Katastrofa polskiego samolotu prezydenckiego pod Smoleńskiem/lista",
        "index": 10
      },
      {
        "pageid": 58670,
        "ns": 0,
        "title": "Los Angeles Lakers",
        "index": 9
      },
      {
        "pageid": 82084,
        "ns": 0,
        "title": "WikiProject Directory",
        "index": 11
      },
      {
        "pageid": 82458,
        "ns": 0,
        "title": "17 Ocak",
        "index": 7
      },
      {
        "pageid": 82461,
        "ns": 0,
        "title": "20 Ocak",
        "index": 8
      },
      {
        "pageid": 89894,
        "ns": 0,
        "title": "Barack Obama",
        "index": 1,
        "thumbnail": {
          "source": "https://upload.wikimedia.org/wikipedia/commons/thumb/8/8d/President_Barack_Obama.jpg/256px-President_Barack_Obama.jpg",
          "width": 256,
          "height": 320
        }
      },
      {
        "pageid": 90159,
        "ns": 0,
        "title": "Hillary Clintonová",
        "index": 6
      },
      {
        "pageid": 96586,
        "ns": 0,
        "title": "Obama",
        "index": 2
      },
      {
        "pageid": 96775,
        "ns": 0,
        "title": "Test page long",
        "index": 3
      },
      {
        "pageid": 96840,
        "ns": 0,
        "title": "Liv people",
        "index": 5
      },
      {
        "pageid": 96841,
        "ns": 0,
        "title": "Hey",
        "index": 4
      }
    ]
  }
}
